k,trial,B0_1,B0_2,B0_3,B0_4,B0_5,B0_6,B0_7,B0_8,B0_9,B0_10,B0_11,B0_12,B0_13,B1_1,B1_2,B1_3,B1_4,B1_5,B1_6,B1_7,B1_8,B1_9,B1_10,B1_11,B1_12,B1_13
3,0,1000,1000,988,760,310,131,70,43,37,37,37,37,37,0,0,0,6,148,261,299,317,320,321,321,321,321
3,1,1000,1000,991,702,300,143,85,59,53,52,52,52,52,0,0,0,6,160,235,267,280,284,283,283,283,283
3,2,1000,1000,990,739,288,128,70,45,40,40,40,40,40,0,0,0,4,161,282,327,340,344,344,344,344,344
3,3,1000,1000,991,747,318,137,76,47,42,40,40,40,40,0,0,0,4,182,284,317,334,338,340,340,340,340
3,4,1000,999,993,762,325,133,73,49,41,41,40,40,40,0,0,0,4,161,273,311,318,323,323,325,325,325
3,5,1000,1000,984,747,314,121,62,40,39,38,37,37,37,0,0,0,5,153,257,290,302,303,303,303,303,303
3,6,1000,1000,995,751,308,127,58,43,36,33,33,33,33,0,0,0,5,143,267,296,309,313,313,313,313,313
3,7,1000,1000,991,747,283,115,67,49,42,41,41,41,41,0,0,0,3,167,273,301,310,310,312,312,312,312
3,8,1000,1000,985,722,314,124,72,49,44,44,44,44,44,0,0,0,6,171,274,295,306,307,307,307,307,307
3,9,1000,1000,989,750,295,114,61,42,36,36,36,36,36,0,0,0,6,165,265,304,316,319,318,318,318,318
3,10,1000,1000,991,761,306,120,78,50,47,47,47,47,47,0,0,0,3,186,300,331,348,356,356,356,356,356
3,11,1000,1000,991,732,280,119,56,41,37,35,34,34,34,0,0,0,3,154,261,296,307,310,310,310,310,310
3,12,1000,1000,977,735,290,131,82,66,59,56,54,54,54,0,0,0,8,161,237,274,284,288,289,289,289,289
3,13,1000,1000,988,730,317,129,76,46,36,36,36,36,36,0,0,0,5,158,271,310,318,322,322,322,322,322
3,14,1000,1000,988,757,290,140,81,59,53,53,53,53,53,0,0,0,5,179,269,296,312,315,315,315,315,315
3,15,1000,1000,989,698,298,120,56,44,38,37,37,37,37,0,0,0,7,187,287,332,341,347,349,349,349,349
3,16,1000,1000,986,724,299,136,72,55,50,50,50,50,50,0,0,0,13,169,281,306,315,322,323,323,323,323
3,17,1000,1000,992,728,301,138,72,47,37,35,35,35,35,0,0,0,5,153,263,301,327,330,331,331,331,331
3,18,1000,1000,989,726,293,124,62,46,40,40,40,40,40,0,0,0,4,153,244,280,296,299,299,299,299,299
3,19,1000,1000,989,758,286,100,57,39,34,33,33,33,33,0,0,0,6,150,261,296,302,308,308,308,308,308
3,20,1000,1000,981,731,285,112,64,48,40,39,39,39,39,0,0,0,11,154,266,300,313,317,317,317,317,317
3,21,1000,1000,987,742,313,133,68,51,45,45,45,45,45,0,0,0,12,145,269,302,316,317,318,318,318,318
3,22,1000,1000,991,742,293,127,78,53,49,47,47,47,47,0,0,0,9,169,271,299,313,319,320,320,320,320
3,23,1000,1000,986,742,315,130,69,52,47,44,44,44,44,0,0,0,12,173,265,303,315,317,318,318,318,318
3,24,1000,1000,987,710,293,124,70,49,42,41,41,41,41,0,0,0,10,174,270,291,306,312,312,312,312,312
3,25,1000,1000,992,774,315,115,57,42,38,38,38,38,38,0,0,0,5,164,282,319,332,335,335,335,335,335
3,26,1000,1000,992,710,282,113,62,49,44,44,44,44,44,0,0,0,4,196,282,316,332,333,333,333,333,333
3,27,1000,1000,988,757,312,135,72,48,40,40,40,40,40,0,0,0,9,160,266,290,303,309,309,309,309,309
3,28,1000,1000,992,717,285,117,65,45,44,44,44,44,44,0,0,0,3,140,255,287,300,306,306,306,306,306
3,29,1000,1000,985,742,288,117,68,54,48,46,46,46,46,0,0,0,5,145,262,300,305,308,309,309,309,309
4,0,1000,1000,988,750,298,112,53,28,21,21,21,21,21,0,0,0,11,272,452,522,552,557,558,558,558,558
4,1,1000,1000,991,694,285,118,57,30,25,24,24,24,24,0,0,0,13,290,434,502,528,533,533,533,533,533
4,2,1000,1000,990,733,272,111,47,24,16,16,16,16,16,0,0,0,7,278,482,553,578,586,587,587,587,587
4,3,1000,1000,991,745,305,122,55,26,21,20,20,20,20,0,0,0,8,306,487,546,579,588,590,590,590,590
4,4,1000,999,993,755,309,108,46,25,19,19,18,18,18,0,0,0,8,267,447,518,543,554,554,557,557,557
4,5,1000,1000,984,742,300,107,46,24,22,21,20,20,20,0,0,0,5,273,457,517,538,544,545,545,545,545
4,6,1000,1000,995,743,293,109,41,25,20,15,15,15,15,0,0,0,9,259,471,527,552,559,559,559,559,559
4,7,1000,1000,991,741,268,100,48,30,24,23,23,23,23,0,0,0,5,281,459,507,525,527,530,530,530,530
4,8,1000,1000,985,716,294,102,53,28,23,23,23,23,23,0,0,0,8,280,457,513,538,542,544,544,544,544
4,9,1000,1000,989,739,282,100,47,29,22,21,21,21,21,0,0,0,12,289,480,550,568,574,574,574,574,574
4,10,1000,1000,991,753,287,101,60,30,27,27,27,27,27,0,0,0,5,286,504,563,590,605,605,605,605,605
4,11,1000,1000,991,723,267,102,44,29,24,22,21,21,21,0,0,0,4,260,421,489,504,510,510,510,510,510
4,12,1000,1000,977,727,271,111,61,38,30,27,27,27,27,0,0,0,12,275,434,504,521,529,531,534,534,534
4,13,1000,1000,988,721,299,110,54,21,10,10,10,10,10,0,0,0,12,271,469,536,558,567,568,568,568,568
4,14,1000,1000,988,751,269,118,60,32,27,27,27,27,27,0,0,0,3,287,453,505,531,540,540,540,540,540
4,15,1000,1000,989,688,282,104,38,27,20,19,19,19,19,0,0,0,8,335,492,562,582,592,595,595,595,595
4,16,1000,1000,986,720,288,116,51,32,25,25,25,25,25,0,0,0,20,283,483,533,554,567,570,570,570,570
4,17,1000,1000,992,721,288,126,55,26,17,16,16,16,16,0,0,0,6,284,477,535,579,588,592,592,592,592
4,18,1000,1000,989,715,277,104,42,22,18,17,17,17,17,0,0,0,11,287,467,539,558,564,564,564,564,564
4,19,1000,1000,989,749,276,88,44,24,19,17,17,17,17,0,0,0,7,263,463,525,540,547,548,548,548,548
4,20,1000,1000,981,721,273,97,47,31,24,22,22,22,22,0,0,0,13,274,484,537,559,569,569,569,569,569
4,21,1000,1000,987,736,293,112,43,25,20,20,20,20,20,0,0,0,17,265,491,554,579,583,584,584,584,584
4,22,1000,1000,991,737,272,106,51,25,20,17,17,17,17,0,0,0,9,293,477,534,557,567,570,570,570,570
4,23,1000,1000,986,736,298,107,47,26,23,20,20,20,20,0,0,0,13,303,474,541,561,568,570,570,570,570
4,24,1000,1000,987,698,273,102,47,26,19,18,18,18,18,0,0,0,17,330,496,549,570,584,586,587,587,587
4,25,1000,1000,992,772,301,104,43,29,26,26,26,26,26,0,0,0,8,283,484,547,576,584,584,584,584,584
4,26,1000,1000,992,699,266,96,47,35,29,29,29,29,29,0,0,0,12,322,486,553,573,577,578,578,578,578
4,27,1000,1000,988,748,296,110,46,26,19,19,19,19,19,0,0,0,10,266,447,501,530,543,543,543,543,543
4,28,1000,1000,992,699,265,100,47,26,24,24,24,24,24,0,0,0,8,254,438,494,516,524,524,524,524,524
4,29,1000,1000,985,730,274,104,52,35,29,28,28,28,28,0,0,0,6,259,466,526,542,547,548,548,548,548
5,0,1000,1000,988,745,289,105,45,22,13,12,12,12,12,0,0,0,12,354,594,696,737,749,750,750,750,750
5,1,1000,1000,991,689,279,106,44,18,13,13,13,13,13,0,0,0,15,380,587,683,721,731,731,731,731,731
5,2,1000,1000,990,729,263,104,40,16,9,9,9,9,9,0,0,0,12,354,622,716,746,757,762,762,762,762
5,3,1000,1000,991,742,298,115,44,16,11,10,10,10,10,0,0,0,7,362,626,706,748,763,767,767,767,767
5,4,1000,999,993,751,302,102,38,18,12,12,11,11,11,0,0,0,10,346,608,704,746,760,760,764,764,764
5,5,1000,1000,984,740,293,100,37,14,11,10,10,10,10,0,0,0,6,337,580,666,700,708,710,711,711,711
5,6,1000,1000,995,742,290,103,35,18,13,9,9,9,9,0,0,0,11,348,620,712,745,754,757,757,757,757
5,7,1000,1000,991,740,263,91,38,23,16,15,15,15,15,0,0,0,7,359,614,686,712,715,719,720,720,720
5,8,1000,1000,985,713,284,93,46,20,14,14,14,14,14,0,0,0,10,345,601,678,708,715,718,718,718,718
5,9,1000,1000,989,735,274,95,41,20,16,15,15,15,15,0,0,0,11,352,590,691,716,728,729,729,729,729
5,10,1000,1000,991,753,274,95,51,21,17,17,17,17,17,0,0,0,6,335,636,718,751,771,772,772,772,772
5,11,1000,1000,991,719,260,92,33,18,13,11,10,10,10,0,0,0,4,358,581,673,697,706,706,706,706,706
5,12,1000,1000,977,721,267,100,49,25,18,14,14,14,14,0,0,0,15,352,580,664,691,707,710,714,714,714
5,13,1000,1000,988,717,289,101,45,17,6,6,6,6,6,0,0,0,15,347,617,704,742,760,763,763,763,763
5,14,1000,1000,988,747,258,102,44,17,13,12,12,12,12,0,0,0,5,373,597,675,715,726,726,726,726,726
5,15,1000,1000,989,687,280,97,31,19,12,10,10,10,10,0,0,0,10,402,600,712,731,743,748,748,748,748
5,16,1000,1000,986,716,279,107,39,20,13,13,13,13,13,0,0,0,20,353,618,696,726,744,747,747,747,747
5,17,1000,1000,992,718,279,117,49,20,13,12,12,12,12,0,0,0,11,336,573,661,719,732,737,738,738,738
5,18,1000,1000,989,712,262,97,34,15,10,8,8,8,8,0,0,0,12,359,614,710,736,747,751,751,751,751
5,19,1000,1000,989,744,266,84,39,17,13,12,12,12,12,0,0,0,9,330,610,690,714,724,727,727,727,727
5,20,1000,1000,981,718,268,91,38,21,14,12,12,12,12,0,0,0,15,357,639,707,736,748,748,748,748,748
5,21,1000,1000,987,734,287,103,36,17,12,11,11,11,11,0,0,0,19,325,635,726,754,761,762,762,762,762
5,22,1000,1000,991,732,263,101,42,17,11,9,9,9,9,0,0,0,10,374,625,703,739,754,759,759,759,759
5,23,1000,1000,986,733,291,99,37,16,14,12,12,12,12,0,0,0,16,368,607,698,720,734,736,736,736,736
5,24,1000,1000,987,694,265,92,38,19,12,11,11,11,11,0,0,0,16,407,628,702,731,750,752,753,753,753
5,25,1000,1000,992,770,291,96,34,18,15,15,15,15,15,0,0,0,6,359,620,711,751,760,762,762,762,762
5,26,1000,1000,992,695,259,88,35,20,16,14,14,14,14,0,0,0,12,422,650,735,762,769,771,771,771,771
5,27,1000,1000,988,745,288,101,37,19,12,12,12,12,12,0,0,0,9,334,584,664,707,727,727,727,727,727
5,28,1000,1000,992,695,252,92,40,19,17,16,16,16,16,0,0,0,10,323,567,638,665,675,675,675,675,675
5,29,1000,1000,985,729,265,91,35,17,11,10,10,10,10,0,0,0,6,331,600,677,702,710,711,711,711,711
6,0,1000,1000,988,744,286,101,40,17,7,6,6,6,6,0,0,0,12,397,681,806,859,877,878,878,878,878
6,1,1000,1000,991,687,274,103,40,14,9,9,9,9,9,0,0,0,15,440,690,812,857,873,875,876,876,876
6,2,1000,1000,990,728,258,98,32,11,4,4,4,4,4,0,0,0,11,398,716,828,867,883,888,888,888,888
6,3,1000,1000,991,742,289,112,41,13,8,7,7,7,7,0,0,0,7,406,707,804,858,874,879,879,879,879
6,4,1000,999,993,751,295,98,34,15,9,9,8,8,8,0,0,0,12,381,689,803,850,867,867,872,872,872
6,5,1000,1000,984,739,289,94,33,11,8,7,7,7,7,0,0,0,7,379,663,770,815,826,829,830,830,830
6,6,1000,1000,995,740,286,99,31,15,10,6,6,6,6,0,0,0,11,382,698,808,848,858,862,863,863,863
6,7,1000,1000,991,740,259,87,34,20,13,12,12,12,12,0,0,0,7,404,718,799,836,841,846,847,847,847
6,8,1000,1000,985,713,282,86,39,14,8,8,8,8,8,0,0,0,10,371,679,776,811,821,823,823,823,823
6,9,1000,1000,989,734,271,93,35,14,10,9,9,9,9,0,0,0,12,392,668,780,814,830,833,833,833,833
6,10,1000,1000,991,752,269,90,45,15,10,10,10,10,10,0,0,0,7,362,697,786,831,854,857,858,858,858
6,11,1000,1000,991,719,258,89,31,16,11,9,8,8,8,0,0,0,4,404,662,784,815,826,826,826,826,826
6,12,1000,1000,977,721,260,95,42,18,12,8,8,8,8,0,0,0,17,384,661,755,786,806,809,814,814,814
6,13,1000,1000,988,717,285,97,40,14,4,4,4,4,4,0,0,0,15,380,691,794,841,865,869,870,870,870
6,14,1000,1000,988,747,254,99,38,14,10,9,9,9,9,0,0,0,4,409,671,758,804,817,817,817,817,817
6,15,1000,1000,989,687,274,94,27,16,9,7,7,7,7,0,0,0,12,420,654,768,796,808,817,817,817,817
6,16,1000,1000,986,714,273,102,33,15,9,9,9,9,9,0,0,0,18,374,675,777,813,834,840,840,840,840
6,17,1000,1000,992,715,274,114,46,14,9,8,8,8,8,0,0,0,12,373,650,755,822,846,851,852,852,852
6,18,1000,1000,989,712,262,96,30,9,6,4,4,4,4,0,0,0,12,399,694,806,835,852,857,857,857,857
6,19,1000,1000,989,742,263,78,32,12,8,7,7,7,7,0,0,0,9,383,709,818,849,860,864,864,864,864
6,20,1000,1000,981,716,265,88,35,16,9,7,7,7,7,0,0,0,14,423,735,825,868,882,882,882,882,882
6,21,1000,1000,987,732,280,100,32,13,8,7,7,7,7,0,0,0,17,368,737,856,889,894,896,896,896,896
6,22,1000,1000,991,731,259,99,40,16,10,7,7,7,7,0,0,0,10,420,701,791,837,854,859,859,859,859
6,23,1000,1000,986,732,282,89,30,10,8,6,6,6,6,0,0,0,15,386,662,777,807,822,828,828,828,828
6,24,1000,1000,987,694,262,90,35,17,10,9,9,9,9,0,0,0,16,448,724,823,860,885,888,889,889,889
6,25,1000,1000,992,769,285,91,27,13,10,10,10,10,10,0,0,0,6,399,699,807,855,868,872,872,872,872
6,26,1000,1000,992,694,252,80,28,13,8,7,7,7,7,0,0,0,12,466,745,846,874,885,889,889,889,889
6,27,1000,1000,988,745,284,97,36,15,8,8,8,8,8,0,0,0,8,371,670,758,807,833,833,833,833,833
6,28,1000,1000,992,692,251,87,33,14,12,11,11,11,11,0,0,0,12,370,675,763,799,809,810,810,810,810
6,29,1000,1000,985,729,260,87,32,14,8,7,7,7,7,0,0,0,6,392,707,804,832,843,845,845,845,845
7,0,1000,1000,988,743,282,100,39,17,6,6,6,6,6,0,0,0,12,423,728,856,916,938,942,942,942,942
7,1,1000,1000,991,685,273,100,36,10,5,5,5,5,5,0,0,0,17,463,737,866,919,944,946,947,947,947
7,2,1000,1000,990,728,253,94,30,9,2,2,2,2,2,0,0,0,13,410,737,857,905,921,926,926,926,926
7,3,1000,1000,991,741,287,112,40,13,8,7,7,7,7,0,0,0,7,440,759,865,930,949,957,957,957,957
7,4,1000,999,993,751,290,95,32,13,7,7,6,6,6,0,0,0,12,399,732,854,908,927,928,932,932,932
7,5,1000,1000,984,738,288,93,30,9,7,6,6,6,6,0,0,0,7,382,694,811,862,882,882,883,883,883
7,6,1000,1000,995,740,281,98,30,15,10,6,6,6,6,0,0,0,11,377,722,845,890,904,908,910,910,910
7,7,1000,1000,991,740,256,82,31,18,11,8,8,8,8,0,0,0,8,437,770,859,904,911,917,919,919,919
7,8,1000,1000,985,713,280,82,35,10,5,5,5,5,5,0,0,0,9,375,708,816,858,873,876,876,876,876
7,9,1000,1000,989,733,268,88,31,11,7,6,6,6,6,0,0,0,11,386,688,815,863,882,884,884,884,884
7,10,1000,1000,991,751,262,86,42,13,9,9,9,9,9,0,0,0,7,375,734,840,885,914,917,918,918,918
7,11,1000,1000,991,718,258,87,29,13,9,7,6,6,6,0,0,0,5,408,690,825,858,873,875,875,875,875
7,12,1000,1000,977,720,254,89,36,13,9,6,6,6,6,0,0,0,17,397,709,812,850,872,876,882,882,882
7,13,1000,1000,988,717,280,97,40,14,4,4,4,4,4,0,0,0,18,386,728,837,891,921,926,927,927,927
7,14,1000,1000,988,747,249,97,36,12,8,7,7,7,7,0,0,0,4,423,702,802,853,869,871,871,871,871
7,15,1000,1000,989,687,272,92,23,12,5,3,3,3,3,0,0,0,13,420,669,797,834,850,861,861,861,861
7,16,1000,1000,986,712,270,99,29,11,5,5,5,5,5,0,0,0,18,396,721,824,866,889,897,897,897,897
7,17,1000,1000,992,715,269,112,43,13,8,7,7,7,7,0,0,0,13,399,686,806,885,910,917,918,918,918
7,18,1000,1000,989,712,260,96,28,8,5,4,4,4,4,0,0,0,13,429,746,865,899,916,923,923,923,923
7,19,1000,1000,989,742,260,76,31,11,7,6,6,6,6,0,0,0,9,399,774,891,929,940,946,947,947,947
7,20,1000,1000,981,716,258,83,33,14,7,5,5,5,5,0,0,0,15,440,766,864,912,930,930,931,931,931
7,21,1000,1000,987,732,278,97,30,10,5,4,4,4,4,0,0,0,18,375,776,899,926,930,933,933,933,933
7,22,1000,1000,991,731,257,97,38,14,7,5,5,5,5,0,0,0,10,433,747,842,894,914,919,919,919,919
7,23,1000,1000,986,729,279,87,28,9,7,5,5,5,5,0,0,0,15,410,704,845,881,899,908,908,908,908
7,24,1000,1000,987,693,260,89,34,14,8,7,7,7,7,0,0,0,16,472,756,867,907,932,934,936,936,936
7,25,1000,1000,992,769,281,86,23,9,6,6,6,6,6,0,0,0,6,402,706,829,879,893,895,895,895,895
7,26,1000,1000,992,694,248,80,28,13,8,7,7,7,7,0,0,0,13,479,770,880,911,924,929,929,929,929
7,27,1000,1000,988,744,280,95,32,11,5,5,5,5,5,0,0,0,8,391,723,820,873,901,901,901,901,901
7,28,1000,1000,992,692,248,85,31,13,9,8,8,8,8,0,0,0,10,389,705,799,837,849,851,851,851,851
7,29,1000,1000,985,728,257,86,32,13,8,7,7,7,7,0,0,0,7,402,750,863,891,906,910,910,910,910
8,0,1000,1000,988,743,278,96,37,15,4,4,4,4,4,0,0,0,11,420,717,847,909,929,934,934,934,934
8,1,1000,1000,991,685,269,96,33,8,3,3,3,3,3,0,0,0,18,447,730,873,931,960,962,963,963,963
8,2,1000,1000,990,728,253,94,30,9,2,2,2,2,2,0,0,0,12,405,709,838,887,901,909,909,909,909
8,3,1000,1000,991,741,284,111,40,13,8,7,7,7,7,0,0,0,7,419,728,843,913,930,937,937,937,937
8,4,1000,999,993,751,286,93,31,12,6,6,5,5,5,0,0,0,12,380,713,844,898,917,919,924,924,924
8,5,1000,1000,984,738,286,90,27,8,6,5,5,5,5,0,0,0,6,365,686,822,884,905,904,905,905,905
8,6,1000,1000,995,740,280,95,28,13,8,4,4,4,4,0,0,0,12,365,718,844,890,907,910,914,914,914
8,7,1000,1000,991,740,252,79,29,16,8,5,5,5,5,0,0,0,8,420,748,840,891,898,905,908,908,908
8,8,1000,1000,985,713,278,81,32,9,4,4,4,4,4,0,0,0,9,372,691,801,842,861,864,865,865,865
8,9,1000,1000,989,733,265,85,30,11,7,6,6,6,6,0,0,0,11,369,672,812,866,888,892,892,892,892
8,10,1000,1000,991,751,261,86,41,13,9,9,9,9,9,0,0,0,7,376,706,816,859,888,893,893,893,893
8,11,1000,1000,991,718,254,85,29,12,8,5,5,5,5,0,0,0,5,409,705,864,900,917,919,920,921,921
8,12,1000,1000,977,720,253,88,33,12,8,5,5,5,5,0,0,0,16,417,724,843,886,911,918,924,924,924
8,13,1000,1000,988,717,279,97,38,12,3,3,3,3,3,0,0,0,17,388,727,845,900,931,937,939,939,939
8,14,1000,1000,988,747,244,92,32,10,6,5,5,5,5,0,0,0,3,414,692,808,861,879,882,882,882,882
8,15,1000,1000,989,687,271,92,22,11,4,2,2,2,2,0,0,0,13,410,655,791,832,846,858,859,859,859
8,16,1000,1000,986,711,269,97,28,9,4,4,4,4,4,0,0,0,17,391,701,817,866,886,895,895,895,895
8,17,1000,1000,992,715,266,111,42,12,7,6,6,6,6,0,0,0,12,403,694,828,900,925,932,933,933,933
8,18,1000,1000,989,712,258,96,26,6,3,2,2,2,2,0,0,0,14,431,751,880,925,939,945,945,945,945
8,19,1000,1000,989,741,258,75,31,10,7,6,6,6,6,0,0,0,9,392,755,878,916,929,934,936,936,936
8,20,1000,1000,981,716,253,83,33,14,7,5,5,5,5,0,0,0,15,422,752,854,899,918,919,920,920,920
8,21,1000,1000,987,732,275,93,28,10,5,4,4,4,4,0,0,0,18,367,763,888,921,924,927,927,927,927
8,22,1000,1000,991,731,256,94,33,10,3,1,1,1,1,0,0,0,10,434,760,872,929,952,957,957,957,957
8,23,1000,1000,986,728,276,86,28,8,6,4,4,4,4,0,0,0,15,408,703,843,882,902,912,912,912,912
8,24,1000,1000,987,693,256,87,30,11,5,4,4,4,4,0,0,0,17,467,769,877,919,943,944,947,947,947
8,25,1000,1000,992,769,280,85,22,7,4,4,4,4,4,0,0,0,5,400,719,849,896,911,913,914,914,914
8,26,1000,1000,992,693,244,79,25,11,5,3,3,3,3,0,0,0,13,481,776,897,930,946,952,952,952,952
8,27,1000,1000,988,744,279,94,32,11,5,5,5,5,5,0,0,0,8,384,718,822,882,909,910,910,910,910
8,28,1000,1000,992,691,246,83,30,12,8,7,7,7,7,0,0,0,10,392,715,823,876,888,889,889,889,889
8,29,1000,1000,985,727,254,85,29,12,7,6,6,6,6,0,0,0,7,387,736,865,902,919,925,925,925,925
9,0,1000,1000,988,743,277,96,35,14,4,4,4,4,4,0,0,0,11,406,680,809,875,898,903,903,903,903
9,1,1000,1000,991,685,266,95,33,8,3,2,2,2,2,0,0,0,18,426,681,826,884,913,915,917,917,917
9,2,1000,1000,990,727,250,91,28,8,1,1,1,1,1,0,0,0,12,396,703,823,878,896,902,903,903,903
9,3,1000,1000,991,741,281,106,37,11,6,5,5,5,5,0,0,0,7,392,701,814,880,901,910,909,909,909
9,4,1000,999,993,751,285,90,30,11,5,5,4,4,4,0,0,0,12,367,693,812,865,886,890,895,895,895
9,5,1000,1000,984,738,285,89,27,8,6,5,5,5,5,0,0,0,6,340,648,782,849,873,873,874,874,874
9,6,1000,1000,995,740,277,95,27,13,8,4,4,4,4,0,0,0,12,348,698,822,866,883,887,891,891,891
9,7,1000,1000,991,740,247,76,27,14,5,2,2,2,2,0,0,0,8,396,689,785,838,848,855,858,858,858
9,8,1000,1000,985,713,276,81,31,9,4,4,4,4,4,0,0,0,9,347,669,782,828,856,859,860,860,860
9,9,1000,1000,989,733,260,84,28,10,6,5,5,5,5,0,0,0,11,353,646,785,832,851,855,855,855,855
9,10,1000,1000,991,750,261,86,38,9,5,5,5,5,5,0,0,0,7,356,657,769,811,844,846,846,846,846
9,11,1000,1000,991,718,253,85,28,10,6,3,3,3,3,0,0,0,5,399,682,840,877,901,903,905,906,906
9,12,1000,1000,977,720,253,86,31,11,7,4,4,4,4,0,0,0,17,386,692,813,861,886,893,899,899,899
9,13,1000,1000,988,717,277,96,37,11,2,2,2,2,2,0,0,0,17,378,705,813,864,893,901,903,903,903
9,14,1000,1000,988,747,244,91,31,8,4,4,4,4,4,0,0,0,3,380,657,783,839,857,863,863,863,863
9,15,1000,1000,989,687,270,92,22,11,4,2,2,2,2,0,0,0,13,397,623,757,807,820,834,835,835,835
9,16,1000,1000,986,711,266,97,27,7,3,3,3,3,3,0,0,0,17,378,672,787,839,863,872,872,872,872
9,17,1000,1000,992,715,265,109,41,12,7,5,5,5,5,0,0,0,12,391,677,804,876,906,913,913,913,913
9,18,1000,1000,989,712,254,95,25,5,2,1,1,1,1,0,0,0,14,401,715,848,895,911,919,919,919,919
9,19,1000,1000,989,741,256,75,30,9,6,5,5,5,5,0,0,0,9,375,731,855,889,901,907,909,909,909
9,20,1000,1000,981,716,252,81,31,13,5,4,4,4,4,0,0,0,14,402,724,823,870,896,900,901,901,901
9,21,1000,1000,987,732,270,92,27,9,4,3,3,3,3,0,0,0,18,360,725,852,887,889,894,894,894,894
9,22,1000,1000,991,731,254,92,33,10,3,1,1,1,1,0,0,0,10,407,709,828,886,911,918,918,918,918
9,23,1000,1000,986,728,274,85,27,8,6,4,4,4,4,0,0,0,15,406,696,841,885,908,918,918,918,918
9,24,1000,1000,987,693,254,87,30,11,4,3,3,3,3,0,0,0,16,450,738,847,895,917,918,921,921,921
9,25,1000,1000,992,769,276,83,22,6,3,3,3,3,3,0,0,0,4,387,687,825,868,884,888,889,889,889
9,26,1000,1000,992,693,243,76,23,10,4,2,2,2,2,0,0,0,13,458,749,868,897,915,923,923,923,923
9,27,1000,1000,988,744,274,91,31,11,5,5,5,5,5,0,0,0,8,363,685,787,844,879,880,880,880,880
9,28,1000,1000,992,691,245,82,29,11,6,5,5,5,5,0,0,0,8,377,693,802,864,876,877,877,877,877
9,29,1000,1000,985,727,251,82,29,12,7,5,5,5,5,0,0,0,7,358,692,825,860,882,889,889,889,889
10,0,1000,1000,988,743,273,92,33,11,2,2,2,2,2,0,0,0,11,385,644,769,831,858,864,864,864,864
10,1,1000,1000,991,685,264,91,32,8,3,2,2,2,2,0,0,0,18,405,644,789,847,881,882,884,884,884
10,2,1000,1000,990,727,249,88,28,8,1,1,1,1,1,0,0,0,12,357,653,759,805,821,829,831,831,831
10,3,1000,1000,991,741,279,102,36,10,5,4,4,4,4,0,0,0,7,353,628,746,807,830,840,839,839,839
10,4,1000,999,993,751,285,89,30,11,5,5,4,4,4,0,0,0,12,337,623,732,788,814,820,824,824,824
10,5,1000,1000,984,738,282,88,26,7,5,4,4,4,4,0,0,0,6,316,594,729,800,821,824,824,825,825
10,6,1000,1000,995,740,273,95,26,13,8,4,4,4,4,0,0,0,12,328,650,758,800,820,822,826,826,826
10,7,1000,1000,991,740,245,76,27,13,4,2,2,2,2,0,0,0,9,380,658,742,798,811,820,823,823,823
10,8,1000,1000,985,713,275,78,30,8,3,3,3,3,3,0,0,0,9,333,632,739,782,810,814,815,815,815
10,9,1000,1000,989,733,259,83,27,9,5,4,4,4,4,0,0,0,11,340,607,727,782,807,811,812,812,812
10,10,1000,1000,991,750,261,85,36,8,4,4,4,4,4,0,0,0,7,350,615,731,774,806,807,808,808,808
10,11,1000,1000,991,718,249,84,27,10,6,3,3,3,3,0,0,0,5,374,627,753,785,806,809,811,812,812
10,12,1000,1000,977,720,251,85,30,10,6,3,3,3,3,0,0,0,17,369,657,767,815,841,850,857,857,857
10,13,1000,1000,988,717,276,96,35,11,2,2,2,2,2,0,0,0,17,350,655,758,812,843,852,852,852,852
10,14,1000,1000,988,747,243,90,31,8,4,4,4,4,4,0,0,0,3,360,635,747,807,823,831,831,831,831
10,15,1000,1000,989,687,267,92,22,11,4,2,2,2,2,0,0,0,13,380,569,700,750,762,775,779,779,779
10,16,1000,1000,986,711,265,95,25,7,3,3,3,3,3,0,0,0,17,360,631,742,795,820,831,831,831,831
10,17,1000,1000,992,715,264,108,40,11,5,3,3,3,3,0,0,0,12,355,624,739,812,841,848,849,849,849
10,18,1000,1000,989,712,254,95,25,5,2,1,1,1,1,0,0,0,14,382,669,795,840,857,862,862,862,862
10,19,1000,1000,989,741,256,75,30,9,5,4,4,4,4,0,0,0,9,333,663,772,806,821,826,829,829,829
10,20,1000,1000,981,716,251,80,30,13,4,3,3,3,3,0,0,0,13,378,661,762,810,840,844,845,845,845
10,21,1000,1000,987,732,270,92,27,8,3,2,2,2,2,0,0,0,18,326,663,789,824,833,838,838,838,838
10,22,1000,1000,991,731,253,89,32,10,3,1,1,1,1,0,0,0,10,389,641,749,812,838,845,845,845,845
10,23,1000,1000,986,728,270,82,24,6,4,2,2,2,2,0,0,0,15,387,673,814,856,878,889,890,890,890
10,24,1000,1000,987,693,254,86,28,9,2,1,1,1,1,0,0,0,16,435,684,786,840,861,863,867,868,868
10,25,1000,1000,992,769,275,79,21,6,3,3,3,3,3,0,0,0,4,358,636,778,813,830,834,835,835,835
10,26,1000,1000,992,693,241,75,23,10,4,2,2,2,2,0,0,0,13,425,676,793,823,843,851,851,851,851
10,27,1000,1000,988,744,273,91,30,11,5,5,5,5,5,0,0,0,8,333,625,727,785,819,820,820,820,820
10,28,1000,1000,992,691,245,82,27,10,4,3,3,3,3,0,0,0,8,353,633,751,812,823,824,824,824,824
10,29,1000,1000,985,727,251,82,28,11,6,4,4,4,4,0,0,0,7,347,637,753,786,810,818,818,818,818
11,0,1000,1000,988,743,272,92,33,11,2,2,2,2,2,0,0,0,11,356,551,665,725,750,759,759,759,759
11,1,1000,1000,991,685,264,89,32,8,3,2,2,2,2,0,0,0,18,362,568,708,762,795,797,800,800,800
11,2,1000,1000,990,727,249,87,28,8,1,1,1,1,1,0,0,0,12,330,586,690,741,760,768,770,770,770
11,3,1000,1000,991,741,278,102,36,10,5,4,4,4,4,0,0,0,7,331,568,677,733,753,762,761,761,761
11,4,1000,999,993,751,281,88,28,10,4,4,3,3,3,0,0,0,12,315,569,672,729,759,767,771,770,770
11,5,1000,1000,984,738,281,87,26,7,4,3,3,3,3,0,0,0,6,289,534,660,726,741,748,748,749,749
11,6,1000,1000,995,740,272,93,25,11,7,3,3,3,3,0,0,0,12,309,593,697,741,763,767,769,769,769
11,7,1000,1000,991,740,243,75,25,12,3,1,1,1,1,0,0,0,9,351,585,660,711,727,736,739,739,739
11,8,1000,1000,985,713,274,77,30,7,2,2,2,2,2,0,0,0,9,312,578,672,715,745,749,750,750,750
11,9,1000,1000,989,733,258,83,27,9,4,3,3,3,3,0,0,0,11,323,540,656,710,731,736,737,737,737
11,10,1000,1000,991,750,261,84,34,8,4,4,4,4,4,0,0,0,7,341,537,627,669,699,699,699,699,699
11,11,1000,1000,991,718,247,84,26,9,5,2,2,2,2,0,0,0,5,359,572,687,717,737,741,743,745,745
11,12,1000,1000,977,720,251,83,29,9,5,2,2,2,2,0,0,0,17,347,587,692,741,764,772,780,780,780
11,13,1000,1000,988,717,275,95,35,11,2,2,2,2,2,0,0,0,17,312,582,677,729,758,769,770,770,770
11,14,1000,1000,988,747,241,89,29,7,3,3,3,3,3,0,0,0,3,339,571,670,738,753,761,761,761,761
11,15,1000,1000,989,687,265,91,22,11,4,2,2,2,2,0,0,0,13,354,490,621,670,681,692,698,698,698
11,16,1000,1000,986,711,263,95,24,6,2,2,2,2,2,0,0,0,17,334,561,667,712,741,750,750,750,750
11,17,1000,1000,992,715,264,106,39,11,5,3,3,3,3,0,0,0,12,334,546,651,726,755,762,763,763,763
11,18,1000,1000,989,712,254,95,24,5,2,1,1,1,1,0,0,0,14,349,592,713,758,774,781,781,781,781
11,19,1000,1000,989,741,256,75,30,8,4,3,3,3,3,0,0,0,9,316,587,678,710,724,730,733,733,733
11,20,1000,1000,981,716,249,78,30,13,4,3,3,3,3,0,0,0,13,347,591,683,725,756,760,762,762,762
11,21,1000,1000,987,732,269,89,27,8,3,1,1,1,1,0,0,0,18,303,568,691,728,738,746,746,746,746
11,22,1000,1000,991,731,253,89,32,10,3,1,1,1,1,0,0,0,10,378,582,669,726,755,763,763,763,763
11,23,1000,1000,986,728,270,80,23,5,3,1,1,1,1,0,0,0,15,351,586,713,748,770,782,781,781,781
11,24,1000,1000,987,693,253,86,28,9,2,1,1,1,1,0,0,0,16,399,592,690,743,766,771,776,778,778
11,25,1000,1000,992,769,273,79,21,6,3,3,3,3,3,0,0,0,4,344,589,716,754,773,776,777,777,777
11,26,1000,1000,992,693,240,71,23,10,4,2,2,2,2,0,0,0,13,406,603,708,742,763,766,766,766,766
11,27,1000,1000,988,744,270,91,29,11,5,5,5,5,5,0,0,0,8,321,573,658,719,752,751,751,751,751
11,28,1000,1000,992,691,244,82,26,8,4,3,3,3,3,0,0,0,8,328,569,668,724,741,741,741,741,741
11,29,1000,1000,985,727,248,80,28,11,6,4,4,4,4,0,0,0,7,325,577,684,713,735,745,746,746,746
12,0,1000,1000,988,743,272,91,33,11,2,2,2,2,2,0,0,0,11,336,470,569,619,645,653,652,652,652
12,1,1000,1000,991,685,264,88,31,8,2,1,1,1,1,0,0,0,18,337,508,643,694,724,729,732,732,732
12,2,1000,1000,990,727,248,87,28,8,1,1,1,1,1,0,0,0,12,301,521,604,653,669,679,682,682,682
12,3,1000,1000,991,741,277,100,36,10,5,4,4,4,4,0,0,0,7,302,475,573,627,649,657,656,656,656
12,4,1000,999,993,751,280,88,28,10,4,4,3,3,3,0,0,0,12,280,510,606,662,691,700,704,702,702
12,5,1000,1000,984,738,280,86,25,5,3,2,2,2,2,0,0,0,6,261,477,594,653,667,674,674,675,675
12,6,1000,1000,995,740,270,93,25,10,6,3,3,3,3,0,0,0,12,281,517,608,650,675,679,680,680,680
12,7,1000,1000,991,740,241,75,23,11,2,1,1,1,1,0,0,0,9,330,519,583,629,645,655,659,659,659
12,8,1000,1000,985,713,272,77,29,7,2,2,2,2,2,0,0,0,9,292,497,581,622,656,662,664,664,664
12,9,1000,1000,989,733,258,82,26,9,4,3,3,3,3,0,0,0,11,294,460,570,621,644,649,650,650,650
12,10,1000,1000,991,750,261,83,34,8,4,4,4,4,4,0,0,0,7,318,475,561,609,637,636,636,636,636
12,11,1000,1000,991,718,247,84,26,9,5,2,2,2,2,0,0,0,5,329,505,614,644,662,666,668,670,670
12,12,1000,1000,977,720,251,83,29,9,5,2,2,2,2,0,0,0,17,322,514,610,653,673,684,693,693,693
12,13,1000,1000,988,717,274,92,34,10,1,1,1,1,1,0,0,0,17,289,521,602,651,681,694,695,695,695
12,14,1000,1000,988,747,241,89,28,7,3,3,3,3,3,0,0,0,3,308,486,575,639,651,660,660,660,660
12,15,1000,1000,989,687,264,91,22,11,4,2,2,2,2,0,0,0,13,318,424,531,581,592,602,609,609,609
12,16,1000,1000,986,711,261,95,23,5,1,1,1,1,1,0,0,0,17,311,514,620,669,699,710,710,710,710
12,17,1000,1000,992,715,264,105,38,10,4,2,2,2,2,0,0,0,12,314,496,584,651,679,687,687,687,687
12,18,1000,1000,989,712,253,94,24,5,2,1,1,1,1,0,0,0,14,331,527,630,671,686,692,692,692,692
12,19,1000,1000,989,741,255,75,30,8,4,3,3,3,3,0,0,0,9,295,528,610,643,663,669,671,671,671
12,20,1000,1000,981,716,249,78,30,13,4,3,3,3,3,0,0,0,13,318,498,578,615,644,648,650,650,650
12,21,1000,1000,987,732,269,89,26,8,1,1,1,1,1,0,0,0,18,279,500,609,642,654,665,665,665,665
12,22,1000,1000,991,731,253,89,31,8,3,1,1,1,1,0,0,0,10,359,518,589,649,681,689,689,689,689
12,23,1000,1000,986,728,268,80,22,5,3,1,1,1,1,0,0,0,15,323,521,631,663,685,696,696,696,696
12,24,1000,1000,987,693,251,85,28,9,2,1,1,1,1,0,0,0,16,361,528,615,662,683,687,691,693,693
12,25,1000,1000,992,769,273,78,21,6,3,3,3,3,3,0,0,0,4,321,534,638,668,684,688,689,689,689
12,26,1000,1000,992,693,240,70,23,10,4,2,2,2,2,0,0,0,13,367,533,628,658,681,684,684,684,684
12,27,1000,1000,988,744,270,91,29,11,5,5,5,5,5,0,0,0,8,298,511,587,651,678,678,678,678,678
12,28,1000,1000,992,690,244,82,25,6,2,1,1,1,1,0,0,0,8,310,496,582,633,645,646,646,646,646
12,29,1000,1000,985,727,246,80,27,10,5,3,3,3,3,0,0,0,7,295,490,585,616,636,645,646,646,646
13,0,1000,1000,988,743,271,91,32,11,2,2,2,2,2,0,0,0,11,305,393,491,538,565,574,574,574,574
13,1,1000,1000,991,685,264,87,31,8,2,1,1,1,1,0,0,0,18,306,452,568,618,647,654,656,656,656
13,2,1000,1000,990,727,247,86,28,8,1,1,1,1,1,0,0,0,12,278,437,511,555,572,582,585,585,585
13,3,1000,1000,991,741,276,100,36,10,5,4,4,4,4,0,0,0,7,271,393,474,523,551,558,556,556,556
13,4,1000,999,993,751,279,87,28,10,4,4,3,3,3,0,0,0,12,255,453,535,590,619,627,630,629,629
13,5,1000,1000,984,738,280,86,23,5,3,2,2,2,2,0,0,0,6,238,426,526,578,588,600,600,601,601
13,6,1000,1000,995,740,269,93,24,9,5,1,1,1,1,0,0,0,12,259,434,503,548,572,576,577,577,577
13,7,1000,1000,991,740,241,75,23,11,2,1,1,1,1,0,0,0,9,297,435,490,535,550,559,563,563,563
13,8,1000,1000,985,713,271,77,29,7,2,2,2,2,2,0,0,0,9,265,432,502,544,575,579,580,580,580
13,9,1000,1000,989,733,258,82,25,8,3,2,2,2,2,0,0,0,11,280,398,485,537,561,565,567,567,567
13,10,1000,1000,991,750,261,83,33,7,3,3,3,3,3,0,0,0,7,301,406,471,520,550,551,551,551,551
13,11,1000,1000,991,718,246,83,26,9,5,2,2,2,2,0,0,0,5,301,424,512,540,557,561,563,566,566
13,12,1000,1000,977,720,251,83,29,9,5,2,2,2,2,0,0,0,17,300,433,524,568,586,597,607,607,607
13,13,1000,1000,988,717,274,91,34,10,1,1,1,1,1,0,0,0,17,253,452,516,566,597,610,612,612,612
13,14,1000,1000,988,747,240,87,28,7,3,3,3,3,3,0,0,0,3,283,398,479,542,551,558,558,558,558
13,15,1000,1000,989,687,264,89,22,10,3,1,1,1,1,0,0,0,13,291,354,450,489,499,510,515,515,515
13,16,1000,1000,986,711,261,94,22,5,1,1,1,1,1,0,0,0,17,294,437,522,574,604,614,614,614,614
13,17,1000,1000,992,715,264,105,37,10,4,2,2,2,2,0,0,0,12,287,428,511,574,598,609,609,609,609
13,18,1000,1000,989,712,252,93,24,4,2,1,1,1,1,0,0,0,14,299,421,512,547,559,561,560,560,560
13,19,1000,1000,989,741,252,75,30,8,3,2,2,2,2,0,0,0,9,280,454,528,552,571,576,578,578,578
13,20,1000,1000,981,716,249,78,29,13,4,3,3,3,3,0,0,0,13,281,435,501,538,566,570,572,572,572
13,21,1000,1000,987,732,268,89,26,8,1,1,1,1,1,0,0,0,18,257,433,536,575,592,606,606,606,606
13,22,1000,1000,991,731,253,88,31,8,3,1,1,1,1,0,0,0,10,335,437,494,550,577,585,586,586,586
13,23,1000,1000,986,728,267,79,21,5,3,1,1,1,1,0,0,0,15,293,439,522,555,578,589,588,588,588
13,24,1000,1000,987,693,250,83,27,9,2,1,1,1,1,0,0,0,16,335,459,533,573,601,606,611,613,613
13,25,1000,1000,992,769,273,77,21,6,2,2,2,2,2,0,0,0,4,294,459,548,583,598,602,603,603,603
13,26,1000,1000,992,693,239,70,23,10,4,2,2,2,2,0,0,0,13,339,453,545,577,601,604,604,604,604
13,27,1000,1000,988,744,270,91,28,10,4,4,4,4,4,0,0,0,8,274,430,502,566,592,593,593,593,593
13,28,1000,1000,992,690,244,80,24,6,2,1,1,1,1,0,0,0,8,286,434,518,565,579,581,581,581,581
13,29,1000,1000,985,727,244,80,27,10,5,3,3,3,3,0,0,0,7,273,418,489,516,539,549,550,550,550
14,0,1000,1000,988,743,271,91,32,10,1,1,1,1,1,0,0,0,11,283,324,418,459,485,495,495,495,495
14,1,1000,1000,991,685,264,87,31,8,2,1,1,1,1,0,0,0,18,275,375,464,507,533,540,540,540,540
14,2,1000,1000,990,727,247,86,28,8,1,1,1,1,1,0,0,0,12,261,358,420,464,478,489,492,492,492
14,3,1000,1000,991,741,276,99,36,10,5,4,4,4,4,0,0,0,7,246,317,382,427,450,455,454,454,454
14,4,1000,999,993,751,279,86,28,9,3,3,2,2,2,0,0,0,12,234,377,445,500,525,531,534,533,533
14,5,1000,1000,984,738,280,85,23,5,3,2,2,2,2,0,0,0,6,227,381,465,517,527,540,540,541,541
14,6,1000,1000,995,740,269,93,24,9,5,1,1,1,1,0,0,0,12,221,354,411,449,472,478,480,480,480
14,7,1000,1000,991,740,241,75,23,10,2,1,1,1,1,0,0,0,9,280,370,410,452,467,475,479,479,479
14,8,1000,1000,985,713,270,77,29,7,2,2,2,2,2,0,0,0,9,247,370,433,478,499,503,504,504,504
14,9,1000,1000,989,733,258,81,25,8,3,2,2,2,2,0,0,0,11,256,353,423,480,498,501,504,504,504
14,10,1000,1000,991,750,259,82,33,7,3,3,3,3,3,0,0,0,7,280,340,378,425,455,457,457,457,457
14,11,1000,1000,991,718,246,80,24,8,4,1,1,1,1,0,0,0,5,266,373,447,474,485,490,493,497,497
14,12,1000,1000,977,720,251,82,29,9,5,2,2,2,2,0,0,0,17,280,371,453,491,504,515,525,525,525
14,13,1000,1000,988,717,273,91,34,10,1,1,1,1,1,0,0,0,17,236,371,421,463,489,502,504,504,504
14,14,1000,1000,988,747,239,85,28,7,3,3,3,3,3,0,0,0,3,254,355,427,488,498,505,505,505,505
14,15,1000,1000,989,687,263,89,22,10,3,1,1,1,1,0,0,0,13,271,311,406,439,453,463,468,468,468
14,16,1000,1000,986,711,260,94,22,5,1,1,1,1,1,0,0,0,17,274,364,437,479,505,516,516,516,516
14,17,1000,1000,992,715,264,103,37,10,4,2,2,2,2,0,0,0,12,270,367,426,486,509,519,519,519,519
14,18,1000,1000,989,712,252,93,24,4,2,1,1,1,1,0,0,0,14,279,352,423,452,460,464,463,463,463
14,19,1000,1000,989,741,251,75,30,8,3,2,2,2,2,0,0,0,9,252,388,453,475,495,501,503,503,503
14,20,1000,1000,981,716,249,77,28,11,2,1,1,1,1,0,0,0,13,267,350,411,433,460,464,466,466,466
14,21,1000,1000,987,732,267,88,26,8,1,1,1,1,1,0,0,0,18,241,389,481,511,528,539,539,539,539
14,22,1000,1000,991,731,253,88,31,8,3,1,1,1,1,0,0,0,10,308,371,426,476,503,510,512,512,512
14,23,1000,1000,986,728,267,79,21,5,3,1,1,1,1,0,0,0,15,270,366,430,461,486,497,496,496,496
14,24,1000,1000,987,693,250,82,27,9,2,1,1,1,1,0,0,0,16,317,403,471,513,539,545,550,552,552
14,25,1000,1000,992,769,273,77,21,6,2,2,2,2,2,0,0,0,4,280,402,453,480,495,500,501,501,501
14,26,1000,1000,992,693,239,70,23,10,3,2,2,2,2,0,0,0,13,308,369,443,469,494,495,495,495,495
14,27,1000,1000,988,744,270,91,28,10,4,4,4,4,4,0,0,0,8,260,383,443,498,528,529,529,529,529
14,28,1000,1000,992,690,244,79,24,6,2,1,1,1,1,0,0,0,8,262,347,424,469,484,485,485,485,485
14,29,1000,1000,985,727,244,80,26,8,3,2,2,2,2,0,0,0,7,238,344,397,418,442,453,454,454,454
15,0,1000,1000,988,743,271,90,32,10,1,1,1,1,1,0,0,0,11,254,287,357,390,413,424,423,423,423
15,1,1000,1000,991,685,260,86,30,7,2,1,1,1,1,0,0,0,18,254,316,386,421,449,456,457,457,457
15,2,1000,1000,990,727,247,85,27,7,1,1,1,1,1,0,0,0,12,245,308,352,388,397,409,412,412,412
15,3,1000,1000,991,741,276,98,36,10,5,4,4,4,4,0,0,0,7,237,277,334,370,395,400,398,398,398
15,4,1000,999,993,751,278,85,26,9,3,3,2,2,2,0,0,0,12,221,313,372,421,446,450,453,452,452
15,5,1000,1000,984,738,280,84,23,5,3,2,2,2,2,0,0,0,6,215,320,396,446,457,471,471,472,472
15,6,1000,1000,995,740,268,93,24,8,3,1,1,1,1,0,0,0,12,208,292,334,368,387,393,396,396,396
15,7,1000,1000,991,740,241,75,23,10,2,1,1,1,1,0,0,0,9,261,309,337,375,393,402,408,408,408
15,8,1000,1000,985,713,269,77,29,7,2,2,2,2,2,0,0,0,9,230,306,363,405,419,423,423,423,423
15,9,1000,1000,989,733,257,81,25,8,3,2,2,2,2,0,0,0,11,241,304,365,424,437,441,442,442,442
15,10,1000,1000,991,750,259,81,33,7,2,2,2,2,2,0,0,0,7,260,281,313,356,384,385,385,385,385
15,11,1000,1000,991,718,246,80,23,8,4,1,1,1,1,0,0,0,5,248,318,370,396,404,409,413,417,417
15,12,1000,1000,977,720,251,80,28,8,4,1,1,1,1,0,0,0,17,261,303,375,413,422,430,441,441,441
15,13,1000,1000,988,717,273,91,34,9,1,1,1,1,1,0,0,0,17,222,315,352,395,419,432,433,433,433
15,14,1000,1000,988,747,238,84,27,5,1,1,1,1,1,0,0,0,3,238,306,359,418,426,432,432,432,432
15,15,1000,1000,989,687,263,89,22,10,2,1,1,1,1,0,0,0,13,255,260,335,356,370,380,383,383,383
15,16,1000,1000,986,711,260,94,21,5,1,1,1,1,1,0,0,0,17,254,306,349,393,414,423,423,423,423
15,17,1000,1000,992,715,264,102,34,9,3,1,1,1,1,0,0,0,12,254,312,356,408,432,441,442,442,442
15,18,1000,1000,989,712,251,92,24,4,2,1,1,1,1,0,0,0,14,257,286,340,358,366,371,370,370,370
15,19,1000,1000,989,741,251,75,30,8,3,2,2,2,2,0,0,0,9,237,334,386,399,419,425,427,427,427
15,20,1000,1000,981,716,248,76,28,11,2,1,1,1,1,0,0,0,13,244,296,341,360,385,391,393,393,393
15,21,1000,1000,987,732,266,88,26,8,1,1,1,1,1,0,0,0,18,232,322,388,411,427,441,441,441,441
15,22,1000,1000,991,731,253,88,31,8,2,1,1,1,1,0,0,0,10,293,313,366,419,446,456,458,458,458
15,23,1000,1000,986,728,267,79,21,5,3,1,1,1,1,0,0,0,15,237,292,350,371,394,404,402,402,402
15,24,1000,1000,987,693,250,82,27,9,2,1,1,1,1,0,0,0,16,298,331,383,419,443,448,453,455,455
15,25,1000,1000,992,769,273,77,21,6,1,1,1,1,1,0,0,0,4,251,332,376,397,412,414,415,415,415
15,26,1000,1000,992,693,239,70,23,10,3,2,2,2,2,0,0,0,13,283,309,370,393,417,420,420,420,420
15,27,1000,1000,988,744,270,91,28,10,4,4,4,4,4,0,0,0,8,251,327,365,419,448,450,450,450,450
15,28,1000,1000,992,690,244,79,24,6,2,1,1,1,1,0,0,0,8,243,298,367,408,425,425,425,425,425
15,29,1000,1000,985,727,244,78,26,8,3,2,2,2,2,0,0,0,7,234,294,339,358,388,397,398,398,398
